Month	New	Family	FNR	Cnt
2012-12	False	jifake	0.1	1
2012-12	False	penetho	0.5	2
2012-12	False	smsreg	0.047619047619047616	1
2012-12	False	buzztouch	1.0	1
2012-12	False	qmsg	1.0	1
2012-12	False	youmi	0.010309278350515464	1
2012-12	False	exploit	0.036585365853658534	3
2012-12	False	tool	0.16666666666666666	1
2012-12	False	dnotua	0.5	1
2012-12	False	stiniter	0.5	1
2012-12	False	imlog	0.5	1
2012-12	False	rediassi	1.0	2
2012-12	False	fakeinst	0.0013351134846461949	1
2012-12	False	usbcleaver	1.0	1
2012-12	False	droidsheep	1.0	1
2012-12	False	ackposts	1.0	1
2012-12	False	kuguo	0.025	1
2012-12	False	fujacks	0.3333333333333333	1
2012-12	False	droidkungfu	0.00558659217877095	1
2013-01	False	fakeinst	0.03125	2
2013-01	False	airpush	0.009009009009009009	2
2013-01	False	opfake	0.037037037037037035	1
2013-01	False	gappusin	0.25	2
2013-01	True	boqx	1.0	1
2013-01	True	moavt	1.0	1
2013-01	True	gedma	1.0	1
2013-01	False	adware	0.11864406779661017	7
2013-01	False	jsmshider	0.3333333333333333	1
2013-01	True	spyware	1.0	1
2013-01	True	gomanag	1.0	1
2013-01	False	exploit	0.1111111111111111	1
2013-01	True	umpay	1.0	2
2013-01	False	leadbolt	0.3333333333333333	1
2013-01	False	adwo	0.25	1
2013-01	False	viser	1.0	2
2013-01	True	smsagent	0.3333333333333333	1
2013-01	False	smssend	0.2	1
2013-01	True	frebro	1.0	1
2013-01	True	malapp	1.0	1
2013-01	False	kuguo	0.14285714285714285	1
2013-01	False	plankton	0.03125	1
2013-02	False	airpush	0.07563025210084033	9
2013-02	True	wifikill	1.0	2
2013-02	True	fakeguard	1.0	3
2013-02	False	leadbolt	0.3333333333333333	1
2013-02	False	smsreg	0.6666666666666666	4
2013-02	False	ginmaster	0.3333333333333333	1
2013-02	True	smsagent	0.5	2
2013-02	True	tascudap	0.5	1
2013-02	False	ganlet	1.0	2
2013-02	False	gappusin	0.16666666666666666	1
2013-02	False	smskey	0.8	4
2013-02	False	adware	0.05	2
2013-02	False	exploit	0.2857142857142857	2
2013-02	False	anforen	1.0	1
2013-02	False	domob	1.0	1
2013-02	False	smssend	0.3333333333333333	1
2013-02	False	kuguo	0.3333333333333333	1
2013-02	False	mmarketpay	1.0	1
2013-02	True	smsbomber	1.0	1
2013-03	False	adware	0.11904761904761904	5
2013-03	False	viser	0.5	1
2013-03	False	domob	1.0	1
2013-03	False	droiddreamlight	1.0	5
2013-03	True	cardserv	1.0	1
2013-03	True	spyoo	1.0	1
2013-03	True	skplanet	1.0	1
2013-03	False	smskey	0.9090909090909091	10
2013-03	False	gappusin	0.375	3
2013-03	False	smssend	0.5	3
2013-03	True	smsagent	0.5	3
2013-03	False	opfake	0.05263157894736842	1
2013-03	False	airpush	0.10256410256410256	12
2013-03	False	mobilespy	1.0	1
2013-03	True	wifikill	1.0	2
2013-03	True	pincer	1.0	1
2013-03	False	exploit	1.0	2
2013-03	True	iconosys	1.0	1
2013-03	True	gdplugin	1.0	1
2013-03	False	leadbolt	0.6	3
2013-03	False	unknown	1.0	1
2013-03	True	bintal	1.0	1
2013-03	True	phosty	1.0	1
2013-03	False	youmi	0.2	2
2013-03	True	fakeguard	1.0	1
2013-04	False	viser	1.0	2
2013-04	False	ksapp	0.5	1
2013-04	False	airpush	0.09782608695652174	9
2013-04	False	smskey	0.6666666666666666	2
2013-04	False	leadbolt	0.5	6
2013-04	False	zitmo	0.6666666666666666	2
2013-04	True	perkel	1.0	3
2013-04	False	smssend	0.45454545454545453	5
2013-04	True	uuserv	1.0	2
2013-04	True	smsagent	0.16666666666666666	1
2013-04	True	gdplugin	1.0	1
2013-04	False	fakeplayer	1.0	4
2013-04	False	exploit	0.6666666666666666	2
2013-04	True	smsir	1.0	1
2013-04	False	smsreg	0.2727272727272727	3
2013-04	False	unknown	1.0	1
2013-04	False	plankton	0.043478260869565216	1
2013-04	False	gappusin	0.3333333333333333	2
2013-04	True	revmob	1.0	1
2013-04	True	spyoo	1.0	1
2013-04	True	cardserv	0.5	1
2013-05	False	fakeinst	0.14414414414414414	16
2013-05	True	wifle	1.0	1
2013-05	False	airpush	0.11678832116788321	16
2013-05	False	opfake	0.5	18
2013-05	True	igexin	1.0	1
2013-05	False	smsreg	0.2	5
2013-05	False	smssend	0.25	3
2013-05	True	tramp	1.0	1
2013-05	True	voxv	1.0	1
2013-05	True	gizmo	1.0	1
2013-05	False	adware	0.06818181818181818	3
2013-05	False	faketimer	1.0	1
2013-05	True	spyoo	1.0	2
2013-05	False	kuguo	0.1111111111111111	1
2013-05	True	perkel	0.5	1
2013-05	False	execdownload	1.0	2
2013-05	True	umpay	1.0	2
2013-05	False	smskey	0.7142857142857143	5
2013-05	False	rediassi	1.0	1
2013-05	False	unknown	0.5	1
2013-05	True	fakeguard	1.0	1
2013-05	True	pushad	1.0	1
2013-05	False	domob	1.0	1
2013-05	False	leadbolt	0.14285714285714285	1
2013-05	True	smforw	0.125	1
2013-05	True	spyset	1.0	1
2013-05	False	windows	1.0	1
2013-05	True	faketoken	1.0	1
2013-05	True	skymobi	1.0	1
2013-05	False	kyview	1.0	1
2013-05	True	anti	1.0	1
2013-06	False	opfake	0.5	14
2013-06	False	fakeinst	0.12790697674418605	11
2013-06	False	smsreg	0.7777777777777778	7
2013-06	False	shastrosms	1.0	1
2013-06	False	unknown	1.0	2
2013-06	True	packed	0.5	1
2013-06	False	airpush	0.1125	9
2013-06	False	windows	1.0	1
2013-06	False	smskey	1.0	8
2013-06	False	adware	0.21739130434782608	5
2013-06	False	smssend	0.6666666666666666	4
2013-06	False	spybubble	0.5	1
2013-06	False	plankton	0.1111111111111111	2
2013-06	False	jsmshider	0.5	1
2013-06	False	droiddreamlight	1.0	1
2013-06	False	fakeangry	0.5	1
2013-06	True	revmob	1.0	2
2013-06	True	vmvol	1.0	1
2013-06	False	kuguo	0.16666666666666666	1
2013-06	True	gonesixty	1.0	1
2013-06	False	basebridge	1.0	1
2013-06	False	hipposms	1.0	1
2013-06	False	gappusin	0.3333333333333333	1
2013-06	True	wifikill	1.0	1
2013-06	True	usatek	1.0	1
2013-06	True	sms	1.0	2
2013-07	True	sadstrot	1.0	1
2013-07	True	vmvol	1.0	3
2013-07	False	smsreg	0.16666666666666666	4
2013-07	False	airpush	0.14814814814814814	4
2013-07	False	unknown	1.0	2
2013-07	False	smssend	0.6666666666666666	4
2013-07	True	minimob	1.0	1
2013-07	False	smskey	0.6666666666666666	2
2013-07	False	kyview	0.3333333333333333	1
2013-07	True	mogap	1.0	1
2013-07	False	exploit	0.6666666666666666	2
2013-07	False	jsmshider	1.0	1
2013-07	True	spyware	1.0	2
2013-07	True	smsagent	0.25	1
2013-07	True	boqx	0.16666666666666666	1
2013-07	False	adware	0.046511627906976744	2
2013-07	False	kuguo	0.2	1
2013-07	False	mobiletx	1.0	1
2013-07	False	fakeinst	0.06896551724137931	2
2013-08	True	infosteal	0.5	1
2013-08	False	gappusin	0.13636363636363635	3
2013-08	False	opfake	0.38461538461538464	5
2013-08	False	dowgin	0.3333333333333333	1
2013-08	True	wateh	1.0	1
2013-08	False	airpush	0.29411764705882354	5
2013-08	True	qplus	1.0	1
2013-08	False	imlog	1.0	1
2013-08	False	viser	1.0	1
2013-08	False	adware	0.05714285714285714	4
2013-08	True	mogap	1.0	3
2013-08	False	smssend	0.4	2
2013-08	True	wroba	1.0	1
2013-08	True	badok	0.5	1
2013-08	True	phosty	1.0	1
2013-08	False	leadbolt	1.0	2
2013-08	True	smforw	1.0	1
2013-08	False	fakeinst	0.058823529411764705	2
2013-08	True	mseg	0.4	2
2013-08	True	rogueware	1.0	1
2013-08	True	vietsms	1.0	1
2013-09	False	opfake	0.75	12
2013-09	False	smsreg	0.3333333333333333	3
2013-09	False	youmi	0.08333333333333333	3
2013-09	False	smssend	0.8571428571428571	6
2013-09	False	adware	0.048	6
2013-09	False	exploit	0.5	2
2013-09	True	mogap	1.0	2
2013-09	False	airpush	0.2857142857142857	20
2013-09	False	smskey	0.4	2
2013-09	False	gappusin	0.10526315789473684	2
2013-09	False	nandrobox	0.5714285714285714	4
2013-09	True	cardserv	1.0	2
2013-09	False	kyview	0.5	1
2013-09	True	smforw	0.5	1
2013-09	True	packed	1.0	1
2013-09	True	vietsms	1.0	3
2013-09	True	smsspy	1.0	1
2013-09	False	fakeangry	0.6666666666666666	2
2013-09	True	systush	1.0	2
2013-09	False	fakeinst	0.03773584905660377	2
2013-09	False	viser	1.0	1
2013-09	True	spyset	1.0	1
2013-09	True	wificrack	1.0	1
2013-09	True	fakekrb	1.0	1
2013-09	True	boqx	0.1111111111111111	1
2013-09	False	tool	1.0	1
2013-09	True	mecor	1.0	1
2013-09	False	dowgin	0.2857142857142857	2
2013-09	True	mspy	1.0	1
2013-09	False	leadbolt	0.5	1
2013-09	False	mmarketpay	0.3333333333333333	1
2013-09	False	execdownload	1.0	1
2013-10	False	smskey	0.6	3
2013-10	False	exploit	1.0	5
2013-10	True	spyware	1.0	2
2013-10	False	airpush	0.25	26
2013-10	True	smforw	1.0	1
2013-10	True	zypush	1.0	1
2013-10	True	mseg	0.0967741935483871	3
2013-10	False	leadbolt	0.5	4
2013-10	True	revmob	0.6666666666666666	2
2013-10	True	callflakes	1.0	1
2013-10	True	vietsms	1.0	1
2013-10	False	kyview	0.3333333333333333	1
2013-10	False	dowgin	0.4444444444444444	8
2013-10	False	viser	1.0	1
2013-10	False	gappusin	0.14285714285714285	2
2013-10	False	droiddreamlight	1.0	1
2013-10	False	opfake	0.15384615384615385	2
2013-10	False	ginmaster	0.4	2
2013-10	True	rakys	1.0	1
2013-10	True	boqx	0.4	2
2013-10	False	smssend	0.3076923076923077	4
2013-10	True	umpay	1.0	2
2013-10	False	youmi	0.06666666666666667	1
2013-10	False	hipposms	1.0	1
2013-10	True	mogap	1.0	1
2013-10	False	plankton	0.2	1
2013-10	True	cardserv	1.0	1
2013-10	False	adwo	0.25	1
2013-10	False	fakeinst	0.034482758620689655	2
2013-10	False	adware	0.04597701149425287	4
2013-10	True	mecor	1.0	1
2013-10	True	wiyun	1.0	1
2013-10	False	smsreg	0.125	1
2013-10	True	goldentouch	1.0	2
2013-10	True	wroba	0.5	1
2013-10	False	androrat	0.5	1
2013-10	False	droidkungfu	0.5	1
2013-10	False	gamex	1.0	1
2013-10	False	unknown	0.3333333333333333	1
2013-11	True	gumen	0.5333333333333333	8
2013-11	False	exploit	0.9	9
2013-11	False	airpush	0.15714285714285714	11
2013-11	True	cardserv	1.0	2
2013-11	False	dowgin	0.5138888888888888	37
2013-11	False	adware	0.30405405405405406	45
2013-11	True	infosteal	0.6	3
2013-11	True	wedo	1.0	1
2013-11	False	smskey	1.0	4
2013-11	True	mecor	1.0	2
2013-11	True	packed	0.5	1
2013-11	True	clicks	0.42857142857142855	3
2013-11	False	adwo	1.0	1
2013-11	False	opfake	0.3333333333333333	1
2013-11	False	leadbolt	0.5	1
2013-11	False	ganlet	1.0	1
2013-11	True	appwiz	1.0	1
2013-11	True	minimob	1.0	1
2013-11	True	callflakes	1.0	1
2013-11	True	fengvi	1.0	1
2013-11	True	smforw	0.75	3
2013-11	False	plankton	1.0	1
2013-11	False	androrat	1.0	1
2013-11	True	oldboot	1.0	1
2013-12	False	ginmaster	1.0	4
2013-12	True	admogo	1.0	19
2013-12	False	airpush	0.08	4
2013-12	False	adware	0.3220338983050847	38
2013-12	False	dowgin	0.4166666666666667	5
2013-12	False	unknown	0.5714285714285714	4
2013-12	True	umpay	0.88	66
2013-12	False	dnotua	1.0	4
2013-12	False	leadbolt	0.6	3
2013-12	False	smsreg	0.4117647058823529	7
2013-12	False	gappusin	0.15384615384615385	4
2013-12	False	opfake	0.625	5
2013-12	True	smforw	1.0	1
2013-12	True	linux	1.0	1
2013-12	False	youmi	0.02857142857142857	1
2013-12	True	mecor	1.0	1
2013-12	True	cardserv	0.6666666666666666	2
2013-12	True	minimob	0.75	3
2013-12	True	smsagent	0.3333333333333333	1
2013-12	True	secapk	1.0	1
2013-12	True	pushad	1.0	1
2013-12	False	kuguo	0.15	3
2013-12	True	boqx	0.5	1
2013-12	True	dianjin	0.16666666666666666	1
2013-12	False	nandrobox	1.0	1
2013-12	True	clicks	0.5	1
2013-12	False	buzztouch	1.0	1
2013-12	True	igexin	1.0	1
2013-12	False	fujacks	0.5	1
2013-12	False	adwo	0.3333333333333333	1
2013-12	False	domob	0.6666666666666666	2
2013-12	True	adflex	1.0	1
2013-12	True	trackplus	1.0	1
2013-12	False	smssend	0.16666666666666666	1
2013-12	True	gumen	1.0	1
2013-12	True	packed	1.0	1
2014-01	True	mecor	1.0	10
2014-01	False	fakeangry	1.0	2
2014-01	False	smsreg	0.22727272727272727	15
2014-01	False	adware	0.2413793103448276	14
2014-01	False	opfake	0.42857142857142855	18
2014-01	False	airpush	0.49473684210526314	47
2014-01	False	kyview	0.6666666666666666	2
2014-01	True	minimob	0.8666666666666667	13
2014-01	True	packed	1.0	3
2014-01	False	smssend	0.36363636363636365	4
2014-01	False	leadbolt	0.8333333333333334	5
2014-01	True	spyware	1.0	2
2014-01	False	ginmaster	1.0	2
2014-01	True	umpay	0.6666666666666666	2
2014-01	False	smsthief	1.0	1
2014-01	False	youmi	0.10526315789473684	2
2014-01	True	secapk	1.0	1
2014-01	True	revmob	1.0	5
2014-01	True	apkq	1.0	1
2014-01	False	fakeapp	1.0	1
2014-01	False	viser	1.0	4
2014-01	False	dowgin	0.5	3
2014-01	False	smskey	0.1	1
2014-01	True	soceng	1.0	1
2014-01	True	mseg	0.16666666666666666	1
2014-01	False	adwo	0.5	1
2014-01	True	adflex	1.0	1
2014-01	False	koomer	1.0	1
2014-01	True	virus	1.0	2
2014-01	True	stopsms	1.0	3
2014-01	True	smforw	1.0	1
2014-01	True	dianjin	1.0	1
2014-01	True	smsagent	0.125	1
2014-01	False	execdownload	1.0	1
2014-01	False	gappusin	0.06666666666666667	1
2014-02	False	dowgin	0.6470588235294118	33
2014-02	False	adware	0.33175355450236965	70
2014-02	False	airpush	0.375	18
2014-02	True	secapk	1.0	5
2014-02	False	smssend	0.16666666666666666	1
2014-02	True	igexin	0.5	1
2014-02	True	mecor	1.0	3
2014-02	False	leadbolt	1.0	1
2014-02	False	kuguo	0.047619047619047616	1
2014-02	False	fakeinst	0.08695652173913043	2
2014-02	True	revmob	1.0	2
2014-02	False	unknown	1.0	1
2014-02	True	dianjin	1.0	1
2014-02	False	gappusin	0.2857142857142857	4
2014-02	True	zypush	1.0	1
2014-02	True	mseg	0.058823529411764705	1
2014-02	True	packed	0.4444444444444444	4
2014-02	False	smsreg	0.11764705882352941	2
2014-02	False	fakeapp	1.0	1
2014-02	False	fakeangry	0.5	1
2014-02	False	youmi	0.2	1
2014-02	True	minimob	1.0	1
2014-03	False	fakeinst	0.25	4
2014-03	False	smskey	0.4	2
2014-03	True	umpay	0.6666666666666666	4
2014-03	False	adware	0.3793103448275862	55
2014-03	False	dowgin	0.45454545454545453	15
2014-03	False	airpush	0.4626865671641791	31
2014-03	False	smsreg	0.3611111111111111	13
2014-03	False	smssend	0.25	2
2014-03	False	fakeapp	1.0	1
2014-03	True	secapk	1.0	5
2014-03	True	gizmo	1.0	1
2014-03	True	ewind	1.0	3
2014-03	False	opfake	0.55	11
2014-03	True	smforw	0.5	1
2014-03	False	smsthief	1.0	1
2014-03	True	packed	0.9090909090909091	10
2014-03	False	viser	1.0	5
2014-03	True	igexin	0.3333333333333333	1
2014-03	True	minimob	0.4	2
2014-03	True	cardserv	1.0	1
2014-03	True	revmob	1.0	1
2014-03	False	kuguo	0.038461538461538464	1
2014-03	True	mempodroid	1.0	1
2014-03	False	appoffer	0.5	1
2014-03	False	androrat	0.5	1
2014-03	True	soceng	1.0	1
2014-03	False	execdownload	1.0	1
2014-03	False	dnotua	1.0	1
2014-03	False	leadbolt	0.5	2
2014-03	False	unknown	0.16666666666666666	1
2014-04	False	airpush	0.5333333333333333	24
2014-04	True	marcher	1.0	3
2014-04	False	dowgin	0.29411764705882354	5
2014-04	False	adware	0.050505050505050504	5
2014-04	False	smskey	0.4444444444444444	4
2014-04	False	smsreg	0.38461538461538464	15
2014-04	False	fakeinst	0.1	1
2014-04	True	minimob	0.75	3
2014-04	True	smsspy	0.75	3
2014-04	True	cimsci	0.3333333333333333	1
2014-04	True	admogo	0.6666666666666666	2
2014-04	True	smforw	1.0	2
2014-04	True	secapk	0.6666666666666666	2
2014-04	True	packed	0.8571428571428571	6
2014-04	False	unknown	0.6666666666666666	2
2014-04	True	pandaad	1.0	1
2014-04	False	leadbolt	1.0	4
2014-04	True	mecor	1.0	7
2014-04	False	appoffer	1.0	1
2014-04	False	opfake	0.45454545454545453	5
2014-04	True	smsagent	0.3	3
2014-04	False	smssend	0.17142857142857143	6
2014-04	False	fakeangry	1.0	1
2014-04	True	adflex	1.0	3
2014-04	False	gappusin	0.08333333333333333	1
2014-04	False	tool	1.0	1
2014-04	True	funtasy	1.0	1
2014-04	True	qysly	1.0	1
2014-04	True	umpay	0.16666666666666666	1
2014-04	True	cova	1.0	2
2014-04	True	phonespy	1.0	1
2014-04	False	viser	1.0	1
2014-04	False	kyview	1.0	1
2014-04	True	rogueware	1.0	1
2014-04	False	androrat	0.5	1
2014-04	True	nqshield	1.0	1
2014-05	False	viser	1.0	3
2014-05	False	smssend	0.16981132075471697	9
2014-05	False	unknown	0.75	3
2014-05	False	airpush	0.5853658536585366	24
2014-05	True	cova	1.0	4
2014-05	False	kuguo	0.14285714285714285	2
2014-05	False	smsreg	0.28125	9
2014-05	True	cimsci	0.8	4
2014-05	True	vidro	1.0	1
2014-05	True	simplocker	1.0	5
2014-05	True	cardserv	1.0	1
2014-05	True	mecor	1.0	11
2014-05	False	adware	0.09523809523809523	6
2014-05	False	dowgin	0.3157894736842105	6
2014-05	False	fakeangry	1.0	1
2014-05	False	exploit	0.5	2
2014-05	False	fakeinst	0.075	3
2014-05	True	packed	1.0	2
2014-05	True	secapk	0.5	1
2014-05	True	svpeng	1.0	1
2014-05	True	systemmonitor	0.16666666666666666	1
2014-05	True	coolwall	1.0	1
2014-05	False	fakeapp	1.0	1
2014-05	False	tool	1.0	1
2014-05	True	igexin	0.16666666666666666	1
2014-05	True	infosteal	0.018518518518518517	1
2014-05	False	kyview	0.25	1
2014-05	True	spyoo	1.0	1
2014-06	True	simplocker	1.0	13
2014-06	True	slocker	1.0	1
2014-06	True	cova	1.0	4
2014-06	True	mecor	1.0	62
2014-06	False	airpush	0.6082474226804123	59
2014-06	False	exploit	0.7142857142857143	5
2014-06	False	dowgin	0.4	4
2014-06	True	minimob	1.0	2
2014-06	False	golddream	1.0	2
2014-06	True	secapk	0.75	3
2014-06	True	mogap	1.0	2
2014-06	False	fakeapp	1.0	1
2014-06	True	packed	0.8333333333333334	5
2014-06	True	smforw	0.4	2
2014-06	True	umpay	0.3333333333333333	1
2014-06	True	adflex	1.0	5
2014-06	True	infosteal	0.12121212121212122	4
2014-06	False	execdownload	0.5	1
2014-06	False	smssend	0.08333333333333333	2
2014-06	False	smsreg	0.16666666666666666	4
2014-06	True	robtes	1.0	1
2014-06	True	pletor	1.0	1
2014-06	False	viser	1.0	1
2014-06	True	tebak	1.0	2
2014-06	False	appoffer	1.0	1
2014-06	False	fakeangry	1.0	1
2014-06	False	adware	0.028169014084507043	2
2014-06	True	lockscreen	1.0	1
2014-06	False	smskey	1.0	1
2014-06	True	commplat	1.0	1
2014-06	True	dials	1.0	1
2014-06	False	androrat	0.14285714285714285	1
2014-06	True	spyware	1.0	1
2014-06	True	wroba	0.3333333333333333	1
2014-06	False	unknown	0.5	1
2014-07	False	airpush	0.6827956989247311	127
2014-07	True	mecor	1.0	101
2014-07	False	dowgin	0.1111111111111111	1
2014-07	True	marcher	1.0	1
2014-07	False	adware	0.08823529411764706	3
2014-07	True	secapk	1.0	1
2014-07	True	svpeng	1.0	1
2014-07	False	exploit	1.0	2
2014-07	True	systemmonitor	0.14285714285714285	1
2014-07	True	minimob	0.7142857142857143	5
2014-07	True	infosteal	0.4444444444444444	4
2014-07	True	packed	0.6666666666666666	4
2014-07	True	adflex	1.0	2
2014-07	True	umpay	0.5	2
2014-07	False	kyview	0.2857142857142857	2
2014-07	True	tekwon	1.0	1
2014-07	True	sms	0.3333333333333333	1
2014-07	False	smsreg	0.041666666666666664	1
2014-07	True	dials	1.0	1
2014-07	False	adwo	0.5	2
2014-07	True	systush	1.0	1
2014-07	True	cimsci	1.0	1
2014-07	False	domob	0.2	1
2014-07	True	admogo	0.25	1
2014-08	False	airpush	0.9493670886075949	150
2014-08	True	secapk	0.7777777777777778	7
2014-08	True	mecor	1.0	36
2014-08	False	adware	0.06666666666666667	3
2014-08	False	exploit	1.0	8
2014-08	True	simplocker	0.25	1
2014-08	True	cimsci	0.16666666666666666	1
2014-08	True	dianjin	1.0	1
2014-08	True	infosteal	0.16666666666666666	2
2014-08	False	tool	1.0	1
2014-08	True	mogap	1.0	2
2014-08	False	smsreg	0.17857142857142858	10
2014-08	True	wqmobile	1.0	1
2014-08	True	adflex	1.0	7
2014-08	True	packed	0.625	5
2014-08	True	mobidash	1.0	1
2014-08	True	winkad	1.0	1
2014-08	False	dowgin	0.5	4
2014-08	True	msil	1.0	1
2014-08	False	smssend	0.2	2
2014-08	True	svpeng	1.0	1
2014-08	False	execdownload	1.0	1
2014-08	False	opfake	0.3333333333333333	3
2014-08	True	systemmonitor	0.14285714285714285	1
2014-08	True	tekwon	0.6666666666666666	2
2014-08	False	droiddreamlight	1.0	1
2014-08	True	spyagent	1.0	1
2014-08	True	gamecheater	1.0	1
2014-08	False	koomer	1.0	1
2014-08	True	commplat	1.0	1
2014-08	False	domob	1.0	3
2014-08	False	fakeinst	0.25	1
2014-08	True	spyware	1.0	1
2014-08	False	leadbolt	1.0	1
2014-08	False	youmi	0.1	1
2014-08	True	torec	1.0	1
2014-09	False	airpush	0.8688524590163934	53
2014-09	True	infosteal	0.6	3
2014-09	True	skymobi	0.06666666666666667	2
2014-09	True	packed	0.9166666666666666	11
2014-09	False	dowgin	0.25	3
2014-09	True	mecor	1.0	20
2014-09	True	small	1.0	1
2014-09	True	svpeng	1.0	3
2014-09	False	smsreg	0.0967741935483871	6
2014-09	True	umpay	0.5	1
2014-09	True	helir	1.0	1
2014-09	False	exploit	0.6666666666666666	2
2014-09	True	secapk	0.45454545454545453	5
2014-09	True	webapp	1.0	2
2014-09	True	minimob	0.5	1
2014-09	True	simplocker	1.0	2
2014-09	True	spyware	1.0	1
2014-09	True	adflex	0.75	3
2014-09	True	smforw	0.5	2
2014-09	False	opfake	0.14285714285714285	1
2014-09	True	ransomware	1.0	1
2014-09	False	smssend	0.05555555555555555	1
2014-09	True	lime	1.0	1
2014-09	False	adware	0.0625	2
2014-09	False	appoffer	1.0	1
2014-09	False	fakeflash	1.0	1
2014-09	True	kingroot	1.0	1
2014-10	False	airpush	0.9097744360902256	121
2014-10	True	mecor	1.0	25
2014-10	True	cova	0.5	1
2014-10	False	youmi	0.5714285714285714	4
2014-10	False	smsthief	0.7777777777777778	7
2014-10	True	adflex	1.0	1
2014-10	True	cajino	1.0	1
2014-10	False	kyview	0.5	1
2014-10	False	adwo	0.25	1
2014-10	False	smsreg	0.07317073170731707	6
2014-10	False	exploit	0.25	1
2014-10	True	svpeng	0.75	3
2014-10	True	smforw	0.16666666666666666	1
2014-10	True	minimob	0.6666666666666666	4
2014-10	False	dowgin	0.3333333333333333	3
2014-10	False	adware	0.029411764705882353	1
2014-10	True	trackphone	1.0	1
2014-10	False	fakeinst	0.1	1
2014-10	True	admogo	1.0	1
2014-10	True	packed	0.5	2
2014-10	True	callpay	1.0	1
2014-10	True	secapk	0.5	3
2014-10	False	opfake	0.14285714285714285	1
2014-10	True	webapp	1.0	1
2014-10	True	tekwon	1.0	1
2014-10	True	mseg	0.25	1
2014-10	True	systemmonitor	0.5	1
2014-11	False	airpush	0.9292929292929293	92
2014-11	True	mecor	1.0	15
2014-11	False	dowgin	0.16666666666666666	3
2014-11	True	adflex	1.0	1
2014-11	True	secapk	0.8	8
2014-11	False	adware	0.15	3
2014-11	True	umpay	1.0	4
2014-11	False	exploit	0.3333333333333333	1
2014-11	True	nqshield	0.16666666666666666	1
2014-11	True	packed	0.75	3
2014-11	True	infosteal	0.07142857142857142	1
2014-11	True	minimob	1.0	2
2014-11	True	smsspy	1.0	1
2014-11	True	joynow	1.0	1
2014-11	False	smsreg	0.10144927536231885	7
2014-11	False	unknown	1.0	2
2014-11	True	webapp	1.0	1
2014-11	True	smforw	0.25	1
2014-11	True	spyware	0.05263157894736842	1
2014-11	False	youmi	0.14285714285714285	1
2014-11	True	systemmonitor	0.1111111111111111	1
2014-11	True	mogap	1.0	1
2014-11	False	androrat	0.5	1
2014-11	False	viser	1.0	1
2014-11	False	execdownload	0.25	1
2014-11	True	svpeng	1.0	1
2014-11	True	feejar	0.2	1
2014-11	True	wroba	0.2	1
2014-11	True	smslink	1.0	1
2014-11	True	rutes	1.0	1
2014-11	False	smskey	0.5	1
2014-12	True	vmvol	1.0	4
2014-12	True	mecor	1.0	48
2014-12	False	airpush	0.88	66
2014-12	False	exploit	0.75	3
2014-12	True	boqx	1.0	1
2014-12	False	rooter	0.25	1
2014-12	False	smsreg	0.11764705882352941	6
2014-12	True	infosteal	0.25	1
2014-12	True	umpay	0.3333333333333333	2
2014-12	True	minimob	0.7777777777777778	7
2014-12	True	spyware	0.16666666666666666	1
2014-12	False	dowgin	0.15384615384615385	2
2014-12	True	secapk	0.4117647058823529	7
2014-12	False	fakeinst	0.5	2
2014-12	False	adwo	1.0	1
2014-12	False	adware	0.07407407407407407	2
2014-12	True	systemmonitor	0.3333333333333333	2
2014-12	True	shedun	1.0	1
2014-12	True	lockscreen	1.0	1
2014-12	True	triada	1.0	1
2014-12	False	unknown	0.015873015873015872	1
2014-12	True	cimsci	0.5	1
2014-12	False	gappusin	0.3333333333333333	1
2014-12	False	nandrobox	1.0	1
2014-12	True	mgyun	0.2	1
2014-12	True	smsspy	0.5	1
2014-12	True	adflex	1.0	1
2014-12	True	anti	1.0	1
2014-12	True	svpeng	1.0	1
2015-01	False	airpush	0.8409090909090909	74
2015-01	False	smsreg	0.09615384615384616	10
2015-01	True	secapk	0.5714285714285714	8
2015-01	True	mecor	1.0	9
2015-01	True	fictus	1.0	1
2015-01	True	umpay	0.75	3
2015-01	False	adware	0.19047619047619047	4
2015-01	True	alycunis	0.5	1
2015-01	True	wroba	0.5	1
2015-01	False	dowgin	0.09090909090909091	1
2015-01	True	packed	0.42857142857142855	3
2015-01	True	dianjin	1.0	1
2015-01	True	moplus	0.8333333333333334	5
2015-01	True	cimsci	0.3333333333333333	1
2015-01	True	adflex	1.0	2
2015-01	False	unknown	0.06666666666666667	1
2015-01	False	gappusin	0.08333333333333333	1
2015-01	True	svpeng	1.0	1
2015-01	True	sandr	1.0	1
2015-01	True	skymobi	0.045454545454545456	1
2015-01	False	exploit	0.3333333333333333	1
2015-01	True	smsagent	0.25	1
2015-01	True	systemmonitor	0.09090909090909091	1
2015-02	False	adware	0.18181818181818182	4
2015-02	True	secapk	0.5357142857142857	15
2015-02	True	nqshield	0.6666666666666666	2
2015-02	True	infosteal	0.25	1
2015-02	True	mobisec	0.25	1
2015-02	False	smsreg	0.09401709401709402	11
2015-02	True	mecor	1.0	7
2015-02	True	umpay	0.42857142857142855	3
2015-02	True	apptrack	0.25	1
2015-02	True	webapp	1.0	1
2015-02	True	vnapstore	1.0	1
2015-02	False	airpush	0.6875	11
2015-02	True	kalfere	1.0	1
2015-02	True	admogo	0.5	1
2015-02	True	igexin	1.0	1
2015-02	False	tool	1.0	1
2015-02	True	adflex	1.0	3
2015-02	True	packed	0.3333333333333333	2
2015-02	True	systemmonitor	0.14285714285714285	3
2015-02	True	fobus	1.0	2
2015-02	False	adwo	0.3333333333333333	1
2015-02	False	smssend	0.020202020202020204	2
2015-02	True	minimob	1.0	1
2015-02	False	execdownload	0.16666666666666666	1
2015-02	False	dowgin	0.2	2
2015-02	True	clicks	1.0	1
2015-02	True	shedun	1.0	1
2015-02	False	unknown	0.2857142857142857	2
2015-02	True	tekwon	1.0	1
2015-03	True	mecor	1.0	10
2015-03	True	secapk	0.5294117647058824	9
2015-03	False	smsreg	0.21739130434782608	25
2015-03	False	execdownload	0.23076923076923078	3
2015-03	True	cimsci	0.2727272727272727	3
2015-03	False	unknown	0.17647058823529413	3
2015-03	False	domob	0.4	2
2015-03	True	fogod	1.0	2
2015-03	True	smforw	0.09090909090909091	1
2015-03	False	adware	0.10714285714285714	3
2015-03	False	airpush	0.6071428571428571	17
2015-03	True	skymobi	0.037037037037037035	1
2015-03	False	dowgin	0.6666666666666666	6
2015-03	True	packed	0.3333333333333333	3
2015-03	True	spyoo	1.0	5
2015-03	True	systemmonitor	0.0625	1
2015-03	False	leadbolt	1.0	1
2015-03	True	anydown	1.0	1
2015-03	True	tekwon	1.0	1
2015-03	True	adflex	1.0	1
2015-03	True	mobidash	1.0	1
2015-03	False	gappusin	0.125	1
2015-04	False	execdownload	0.23076923076923078	3
2015-04	True	secapk	0.6	9
2015-04	False	smssend	0.4444444444444444	4
2015-04	False	airpush	0.8461538461538461	11
2015-04	True	ransomware	1.0	1
2015-04	True	kalfere	1.0	3
2015-04	False	adware	0.38461538461538464	5
2015-04	False	unknown	0.043478260869565216	1
2015-04	False	smsreg	0.09278350515463918	9
2015-04	True	cimsci	0.6666666666666666	4
2015-04	True	systemmonitor	0.21428571428571427	3
2015-04	True	mecor	1.0	8
2015-04	False	exploit	0.3	3
2015-04	False	gappusin	0.16666666666666666	1
2015-04	True	simplocker	1.0	1
2015-04	False	youmi	0.125	1
2015-04	True	fictus	1.0	3
2015-04	True	adflex	1.0	2
2015-04	True	minimob	1.0	1
2015-04	False	dowgin	1.0	1
2015-04	True	webapp	1.0	1
2015-04	False	domob	0.5	1
2015-05	True	mobidash	1.0	1
2015-05	True	autoins	1.0	1
2015-05	True	kalfere	1.0	3
2015-05	True	mecor	1.0	9
2015-05	True	fictus	1.0	1
2015-05	True	systemmonitor	0.2	3
2015-05	False	execdownload	0.0425531914893617	2
2015-05	False	smsreg	0.09473684210526316	9
2015-05	False	gappusin	0.3	3
2015-05	True	secapk	0.5	8
2015-05	False	adware	0.12	3
2015-05	False	dowgin	0.5	3
2015-05	True	cimsci	0.625	5
2015-05	True	skymobi	0.05	1
2015-05	True	packed	0.6666666666666666	2
2015-05	True	nineap	1.0	2
2015-05	True	admogo	0.3333333333333333	1
2015-05	False	airpush	0.8571428571428571	12
2015-05	False	jsmshider	1.0	1
2015-05	False	unknown	0.2	1
2015-05	True	bauts	1.0	1
2015-05	False	exploit	0.3333333333333333	2
2015-05	True	adflex	1.0	2
2015-05	True	tekwon	1.0	1
2015-05	True	coudw	1.0	1
2015-05	False	smsthief	0.25	1
2015-05	True	styricka	1.0	1
2015-06	True	spyoo	1.0	1
2015-06	True	sandr	1.0	3
2015-06	False	smsreg	0.050505050505050504	5
2015-06	False	opfake	0.23076923076923078	3
2015-06	False	smssend	0.7755102040816326	38
2015-06	True	adflex	1.0	4
2015-06	False	kyview	0.5	1
2015-06	True	smsagent	0.2	2
2015-06	True	mecor	1.0	12
2015-06	False	airpush	0.7727272727272727	17
2015-06	True	vietsms	1.0	2
2015-06	False	domob	0.25	1
2015-06	True	infosteal	0.625	5
2015-06	False	exploit	0.25	1
2015-06	False	adware	0.125	3
2015-06	True	ramnit	0.5	1
2015-06	True	dials	1.0	2
2015-06	True	smforw	0.5	2
2015-06	True	levida	0.5	1
2015-06	True	cimsci	0.8	4
2015-06	True	fadeb	1.0	1
2015-06	False	fakeinst	0.6	3
2015-06	False	execdownload	0.075	3
2015-06	True	packed	0.5	1
2015-06	True	gedma	1.0	2
2015-06	True	kalfere	1.0	1
2015-06	True	lockscreen	1.0	2
2015-06	True	secapk	0.2727272727272727	3
2015-06	True	minimob	0.5	1
2015-06	True	webapp	1.0	1
2015-06	True	ransomware	1.0	2
2015-07	True	sandr	1.0	16
2015-07	True	smsspy	0.3333333333333333	2
2015-07	False	airpush	0.75	30
2015-07	True	adflex	1.0	2
2015-07	False	smssend	0.5151515151515151	17
2015-07	True	mecor	1.0	25
2015-07	True	webapp	1.0	6
2015-07	True	autoins	0.5	1
2015-07	True	simplocker	0.1	1
2015-07	True	dials	1.0	1
2015-07	False	smskey	1.0	1
2015-07	False	smsthief	0.09090909090909091	2
2015-07	False	adware	0.1282051282051282	5
2015-07	False	viser	1.0	1
2015-07	False	dowgin	0.6666666666666666	2
2015-07	True	minimob	0.5	2
2015-07	True	ransomware	1.0	1
2015-07	True	smsagent	0.3333333333333333	1
2015-07	True	pesabti	1.0	1
2015-07	True	khan	1.0	1
2015-07	True	levida	0.6666666666666666	2
2015-07	False	exploit	0.14285714285714285	1
2015-07	True	fictus	1.0	4
2015-07	True	spyware	1.0	1
2015-07	True	wifikill	1.0	1
2015-07	True	hoaber	1.0	1
2015-07	True	tediss	1.0	1
2015-07	False	execdownload	0.047619047619047616	2
2015-07	True	ewind	1.0	1
2015-07	False	windows	1.0	1
2015-07	False	smsreg	0.01639344262295082	1
2015-07	False	kyview	0.5	1
2015-07	False	fakeinst	0.14285714285714285	1
2015-07	True	mobidash	1.0	1
2015-07	True	malapp	1.0	1
2015-07	False	opfake	0.09090909090909091	1
2015-07	False	gappusin	0.16666666666666666	1
2015-07	True	ramnit	0.5	1
2015-08	False	airpush	0.5833333333333334	7
2015-08	False	adware	0.1875	3
2015-08	True	ransomware	1.0	13
2015-08	True	kalfere	0.625	5
2015-08	False	gappusin	0.3333333333333333	1
2015-08	True	secapk	0.3333333333333333	2
2015-08	True	lockscreen	1.0	6
2015-08	True	shedun	0.5	2
2015-08	False	exploit	0.14285714285714285	1
2015-08	False	smsreg	0.21739130434782608	5
2015-08	True	triada	1.0	3
2015-08	False	dowgin	0.42857142857142855	3
2015-08	False	fakeinst	0.07692307692307693	1
2015-08	True	fobus	1.0	1
2015-08	True	slocker	1.0	2
2015-08	False	smssend	0.52	13
2015-08	False	opfake	0.42857142857142855	3
2015-08	True	infosteal	0.11764705882352941	2
2015-08	True	minimob	0.3333333333333333	1
2015-08	False	execdownload	0.2	7
2015-08	True	premiumtext	1.0	1
2015-08	False	adwo	1.0	1
2015-08	True	umpay	0.6666666666666666	2
2015-08	True	fictus	1.0	1
2015-08	True	yeahmobi	1.0	1
2015-08	True	mecor	1.0	1
2015-08	True	uupay	1.0	1
2015-08	True	mobidash	1.0	1
2015-08	True	wificrack	1.0	1
2015-08	True	sivu	1.0	1
2015-08	True	smaps	0.3333333333333333	1
2015-08	False	kyview	1.0	1
2015-08	True	dials	1.0	1
2015-09	True	mecor	1.0	76
2015-09	False	smssend	0.48484848484848486	16
2015-09	True	shedun	0.3333333333333333	1
2015-09	False	execdownload	0.22857142857142856	8
2015-09	True	secapk	0.75	6
2015-09	False	airpush	0.9019607843137255	46
2015-09	True	adflex	1.0	3
2015-09	True	ransomware	1.0	2
2015-09	True	baiduprotect	0.5	1
2015-09	True	guerrilla	0.2727272727272727	3
2015-09	True	badpac	1.0	1
2015-09	True	fictus	1.0	4
2015-09	True	marcher	0.8	4
2015-09	False	dowgin	0.2857142857142857	2
2015-09	False	adware	0.2857142857142857	4
2015-09	True	kalfere	0.6666666666666666	2
2015-09	True	torec	0.2857142857142857	2
2015-09	False	kuguo	0.2	1
2015-09	True	linux	0.375	3
2015-09	True	slocker	1.0	1
2015-09	True	svpeng	1.0	1
2015-09	True	nimda	1.0	1
2015-09	False	youmi	0.2	1
2015-09	False	unknown	0.42857142857142855	3
2015-09	False	domob	1.0	1
2015-09	False	smsreg	0.10638297872340426	5
2015-09	True	fobus	0.5	1
2015-09	True	lockscreen	1.0	2
2015-09	True	infosteal	0.21428571428571427	3
2015-09	True	mobisec	1.0	1
2015-09	False	leadbolt	1.0	1
2015-09	True	ztorg	0.25	1
2015-09	True	seldor	1.0	1
2015-09	True	clicks	1.0	1
2015-09	True	jswebinject	1.0	1
2015-09	True	minimob	0.2	1
2015-09	True	wifikill	1.0	1
2015-09	False	exploit	0.2	1
2015-09	False	opfake	0.16666666666666666	1
2015-10	True	lockscreen	0.9692307692307692	63
2015-10	True	slocker	1.0	1
2015-10	True	webapp	0.8	4
2015-10	False	smssend	0.65	26
2015-10	False	exploit	0.14285714285714285	1
2015-10	True	guerrilla	0.3333333333333333	2
2015-10	True	congur	1.0	13
2015-10	False	airpush	0.75	3
2015-10	False	adware	0.3157894736842105	6
2015-10	True	svpeng	0.8571428571428571	12
2015-10	True	ransomware	1.0	7
2015-10	True	qysly	1.0	1
2015-10	True	mobidash	1.0	1
2015-10	True	jisut	1.0	14
2015-10	True	packed	0.8	4
2015-10	True	baiduprotect	0.8333333333333334	5
2015-10	True	fictus	1.0	1
2015-10	False	execdownload	0.08108108108108109	3
2015-10	True	secapk	0.4	2
2015-10	False	opfake	0.25	2
2015-10	True	ztorg	0.16666666666666666	1
2015-10	True	mecor	1.0	4
2015-10	True	linux	0.5	2
2015-10	True	spyware	1.0	1
2015-10	True	tekwon	0.4	2
2015-10	True	adflex	1.0	3
2015-10	True	umpay	0.6666666666666666	2
2015-10	False	smsreg	0.038461538461538464	2
2015-10	True	gmobi	1.0	1
2015-10	True	feiwo	1.0	1
2015-10	False	dowgin	0.6666666666666666	2
2015-10	True	minimob	1.0	1
2015-10	True	sandr	1.0	1
2015-10	True	infosteal	0.05263157894736842	1
2015-10	True	rootnik	0.08333333333333333	1
2015-11	True	lockscreen	0.972972972972973	72
2015-11	False	smssend	0.95	19
2015-11	True	ransomware	0.9548872180451128	127
2015-11	True	jisut	1.0	25
2015-11	True	fusob	0.9107142857142857	51
2015-11	True	slocker	1.0	45
2015-11	True	mecor	1.0	1
2015-11	False	airpush	0.5	1
2015-11	True	congur	1.0	8
2015-11	False	fakeapp	1.0	2
2015-11	False	smsreg	0.06666666666666667	1
2015-11	False	execdownload	0.35714285714285715	5
2015-11	True	svpeng	1.0	2
2015-11	True	guerrilla	0.7142857142857143	5
2015-11	True	umpay	1.0	1
2015-11	False	adware	0.25	1
2015-11	True	fobus	1.0	1
2015-11	False	unknown	0.2	1
2015-11	True	triada	0.5	1
2015-11	True	packed	1.0	1
2015-11	True	network	1.0	1
2015-11	False	opfake	0.5	1
2015-12	True	fusob	1.0	88
2015-12	False	fakeapp	0.9	9
2015-12	True	lockscreen	1.0	46
2015-12	True	ransomware	1.0	93
2015-12	True	phonespy	1.0	1
2015-12	True	slocker	1.0	49
2015-12	True	fictus	1.0	1
2015-12	True	linux	0.5	1
2015-12	True	congur	1.0	7
2015-12	True	uten	1.0	1
2015-12	False	execdownload	0.13793103448275862	4
2015-12	True	mecor	1.0	1
2015-12	False	opfake	0.8	4
2015-12	True	ewind	1.0	1
2015-12	True	cimsci	0.5	1
2015-12	True	svpeng	1.0	5
2015-12	False	adware	0.375	6
2015-12	True	tekwon	1.0	1
2015-12	True	umpay	1.0	1
2015-12	True	packed	1.0	3
2015-12	False	kuguo	1.0	1
2015-12	False	smsreg	0.1111111111111111	1
2015-12	True	secapk	0.25	1
2015-12	True	mobidash	1.0	2
2015-12	True	wificrack	1.0	1
2015-12	True	fadeb	1.0	1
2015-12	True	stagefright	1.0	1
2015-12	True	smspay	0.3333333333333333	1
2015-12	False	exploit	0.25	1
2015-12	True	kidlogger	1.0	1
2016-01	True	adflex	0.875	7
2016-01	False	smssend	0.8846153846153846	23
2016-01	False	execdownload	0.375	12
2016-01	False	airpush	0.8181818181818182	9
2016-01	True	fictus	1.0	4
2016-01	True	minimob	0.6666666666666666	2
2016-01	True	webapp	0.6666666666666666	2
2016-01	True	hiddenapp	0.6666666666666666	2
2016-01	False	fakeinst	0.07575757575757576	5
2016-01	True	kapuser	1.0	6
2016-01	True	packed	0.5555555555555556	5
2016-01	False	opfake	0.2857142857142857	2
2016-01	True	tekwon	1.0	4
2016-01	False	dowgin	0.25	1
2016-01	False	smsreg	0.034482758620689655	1
2016-01	True	baiduprotect	1.0	2
2016-01	False	fakeapp	0.8	12
2016-01	True	mecor	1.0	4
2016-01	True	mobidash	1.0	3
2016-01	False	adware	0.2857142857142857	8
2016-01	True	secapk	0.42857142857142855	3
2016-01	True	admogo	0.75	3
2016-01	True	linux	0.25	1
2016-01	True	triada	0.2	1
2016-01	False	exploit	0.0625	1
2016-01	True	ewind	0.5	1
2016-01	True	clicks	1.0	1
2016-01	True	pesabti	1.0	3
2016-01	False	youmi	0.25	1
2016-01	True	feejar	0.3333333333333333	1
2016-01	False	viser	1.0	1
2016-02	True	umpay	0.4	2
2016-02	True	adflex	0.875	7
2016-02	True	mecor	1.0	6
2016-02	False	opfake	0.5	1
2016-02	True	baiduprotect	0.7142857142857143	5
2016-02	True	mobidash	1.0	2
2016-02	False	dowgin	0.05555555555555555	1
2016-02	False	smssend	0.8571428571428571	6
2016-02	True	tekwon	0.3333333333333333	1
2016-02	True	triada	0.3333333333333333	4
2016-02	True	packed	0.75	3
2016-02	False	smsreg	0.041666666666666664	3
2016-02	True	skymobi	0.09090909090909091	1
2016-02	False	execdownload	0.2	4
2016-02	False	unknown	0.2857142857142857	2
2016-02	True	syringe	0.25	1
2016-02	True	secapk	0.1	1
2016-02	False	adware	0.1875	3
2016-02	True	admogo	0.5	1
2016-02	True	kalfere	1.0	1
2016-02	False	fakeinst	0.01818181818181818	1
2016-02	True	ewind	0.5	1
2016-02	True	guerrilla	0.16666666666666666	1
2016-03	False	airpush	0.5	1
2016-03	True	adflex	1.0	3
2016-03	True	revo	1.0	10
2016-03	False	smsreg	0.17391304347826086	4
2016-03	True	infosteal	0.1590909090909091	7
2016-03	False	unknown	0.5	4
2016-03	True	secapk	0.5	2
2016-03	True	packed	0.25	1
2016-03	False	adware	0.29411764705882354	5
2016-03	True	minimob	0.5	2
2016-03	True	lockscreen	1.0	5
2016-03	False	opfake	0.5	1
2016-03	True	hypay	1.0	6
2016-03	False	smssend	1.0	10
2016-03	True	jisut	0.75	3
2016-03	True	smspay	0.5	3
2016-03	True	congur	1.0	2
2016-03	False	exploit	0.2	1
2016-03	True	baiduprotect	1.0	4
2016-03	True	smsagent	1.0	1
2016-03	True	shedun	0.5	1
2016-03	False	execdownload	0.14285714285714285	3
2016-03	True	dianjin	1.0	1
2016-03	True	triada	0.014492753623188406	1
2016-03	False	fakeinst	0.009345794392523364	1
2016-03	True	cnzz	1.0	1
2016-03	True	ewind	0.25	1
2016-03	False	fakeapp	0.16666666666666666	1
2016-03	True	webapp	1.0	1
2016-04	True	axent	1.0	16
2016-04	True	cimsci	1.0	1
2016-04	False	unknown	0.5833333333333334	7
2016-04	True	lockscreen	0.9473684210526315	36
2016-04	False	execdownload	0.5185185185185185	28
2016-04	True	linux	0.8888888888888888	24
2016-04	True	cepsbot	1.0	2
2016-04	True	secapk	0.5555555555555556	5
2016-04	True	congur	1.0	5
2016-04	False	smsthief	0.25	2
2016-04	True	smspay	0.6	3
2016-04	False	smssend	0.6	3
2016-04	True	hypay	0.6666666666666666	2
2016-04	False	smsreg	0.23076923076923078	6
2016-04	False	adware	0.375	6
2016-04	True	packed	0.7	7
2016-04	True	webapp	1.0	1
2016-04	True	ramnit	1.0	1
2016-04	True	spyware	0.5	1
2016-04	True	tekwon	1.0	1
2016-04	True	svpeng	1.0	8
2016-04	False	viser	1.0	1
2016-04	True	minimob	0.3333333333333333	1
2016-04	True	intas	1.0	1
2016-04	True	systemmonitor	1.0	1
2016-04	False	windows	1.0	5
2016-04	False	fakeapp	0.5	1
2016-04	True	triada	0.16666666666666666	1
2016-04	True	frupi	0.5	1
2016-04	True	clicks	1.0	1
2016-04	False	airpush	1.0	1
2016-04	False	rooter	0.25	1
2016-05	False	airpush	1.0	2
2016-05	True	apptrack	1.0	2
2016-05	True	shedun	0.125	1
2016-05	False	unknown	0.45	9
2016-05	True	axent	0.9565217391304348	22
2016-05	True	linux	0.42857142857142855	15
2016-05	True	cepsbot	1.0	1
2016-05	False	adware	0.3	9
2016-05	True	congur	1.0	3
2016-05	True	hyspu	1.0	1
2016-05	True	slocker	1.0	1
2016-05	True	kidlogger	1.0	1
2016-05	True	secapk	0.5	4
2016-05	True	svpeng	1.0	4
2016-05	True	spyoo	1.0	1
2016-05	True	secneo	1.0	1
2016-05	True	ransomware	1.0	2
2016-05	False	dnotua	1.0	1
2016-05	False	execdownload	0.1568627450980392	8
2016-05	True	smspay	1.0	3
2016-05	True	rootnik	0.2222222222222222	2
2016-05	False	dowgin	1.0	2
2016-05	True	gorpo	0.1111111111111111	1
2016-05	False	smsreg	0.10714285714285714	3
2016-05	True	ztorg	0.05263157894736842	1
2016-05	True	lockscreen	1.0	7
2016-05	True	phonespy	1.0	1
2016-05	True	packed	0.5714285714285714	4
2016-05	True	hypay	0.25	1
2016-05	True	piom	1.0	1
2016-05	False	fakeapp	0.3333333333333333	2
2016-05	False	windows	0.75	3
2016-05	True	clicks	1.0	2
2016-05	False	smssend	0.3333333333333333	1
2016-05	True	sivu	1.0	1
2016-05	True	triada	0.16666666666666666	1
2016-06	True	linux	0.42592592592592593	46
2016-06	False	smssend	1.0	4
2016-06	True	smspay	0.8	12
2016-06	False	smsreg	0.41379310344827586	12
2016-06	True	triada	0.25	2
2016-06	True	secapk	0.5625	9
2016-06	False	tool	1.0	2
2016-06	False	dowgin	0.5	1
2016-06	True	spyware	0.5	1
2016-06	False	adware	0.4166666666666667	5
2016-06	False	dnotua	1.0	1
2016-06	True	hiddad	0.5	1
2016-06	False	execdownload	0.058823529411764705	2
2016-06	True	packed	0.75	3
2016-06	True	spyoo	1.0	4
2016-06	False	fakeapp	0.3333333333333333	1
2016-06	False	unknown	0.17391304347826086	8
2016-06	True	minimob	1.0	1
2016-06	True	mobidash	1.0	2
2016-07	True	smspay	0.7142857142857143	20
2016-07	True	gluper	0.3333333333333333	2
2016-07	True	fictus	1.0	1
2016-07	False	smssend	0.3333333333333333	1
2016-07	True	loodos	1.0	1
2016-07	False	dowgin	0.75	3
2016-07	False	smsreg	0.23684210526315788	18
2016-07	False	execdownload	0.10714285714285714	3
2016-07	True	packed	0.6923076923076923	9
2016-07	True	ztorg	0.06451612903225806	2
2016-07	True	hypay	0.8888888888888888	8
2016-07	True	baiduprotect	1.0	3
2016-07	True	spyoo	1.0	1
2016-07	True	tekwon	1.0	3
2016-07	True	styricka	1.0	1
2016-07	True	vmvol	1.0	1
2016-07	True	secapk	1.0	3
2016-07	True	linux	0.2857142857142857	2
2016-07	False	tool	1.0	1
2016-07	True	phonespy	1.0	1
2016-07	True	mobisec	1.0	1
2016-07	True	small	1.0	2
2016-07	True	clicks	0.3333333333333333	1
2016-07	True	spyware	1.0	1
2016-07	True	adflex	1.0	2
2016-07	True	hiddad	0.045454545454545456	1
2016-07	False	exploit	0.07142857142857142	1
2016-07	True	smsagent	0.5	1
2016-07	True	wapron	1.0	1
2016-07	True	becou	1.0	1
2016-07	False	unknown	0.25	1
2016-07	False	adware	0.03571428571428571	1
2016-07	True	rootnik	0.4	2
2016-07	True	mspy	1.0	1
2016-07	True	syringe	0.3333333333333333	1
2016-08	True	smspay	0.3469387755102041	17
2016-08	True	hiddad	0.17647058823529413	3
2016-08	False	smssend	1.0	7
2016-08	False	adware	0.09876543209876543	8
2016-08	False	execdownload	0.32	16
2016-08	True	ewind	0.4	2
2016-08	True	coinge	1.0	1
2016-08	True	clicks	0.6666666666666666	2
2016-08	False	smsreg	0.21739130434782608	5
2016-08	True	mobisec	0.5	1
2016-08	True	mobidash	1.0	3
2016-08	True	packed	0.5555555555555556	5
2016-08	True	kalfere	0.3333333333333333	1
2016-08	True	triada	0.1	1
2016-08	True	rootnik	0.2	1
2016-08	False	smskey	1.0	1
2016-08	False	gappusin	0.5	1
2016-08	True	styricka	1.0	1
2016-08	False	tool	0.3333333333333333	1
2016-08	False	unknown	0.6666666666666666	2
2016-08	False	dowgin	0.3333333333333333	1
2016-08	False	exploit	0.15384615384615385	2
2016-08	True	tachi	1.0	1
2016-08	True	secapk	0.6666666666666666	2
2016-08	True	hypay	0.14285714285714285	1
2016-08	False	rooter	0.4	2
2016-08	True	boqx	1.0	1
2016-08	True	ztorg	0.02702702702702703	1
2016-08	True	phonespy	1.0	1
2016-08	False	smsthief	0.5	2
2016-08	True	pornvideo	1.0	1
2016-08	True	admogo	1.0	1
2016-08	False	fakeapp	0.5	1
2016-08	True	wapron	0.5	1
2016-09	False	execdownload	0.65	39
2016-09	True	hypay	0.3333333333333333	6
2016-09	True	congur	1.0	1
2016-09	False	adware	0.18461538461538463	12
2016-09	True	frelect	1.0	1
2016-09	False	smsreg	0.05	2
2016-09	True	ztorg	0.13333333333333333	2
2016-09	True	syringe	0.4	2
2016-09	True	minimob	0.5	3
2016-09	True	wapron	1.0	2
2016-09	False	fakeapp	0.42857142857142855	3
2016-09	True	smspay	0.20689655172413793	6
2016-09	True	phonespy	1.0	1
2016-09	True	smforw	0.4	2
2016-09	True	admogo	1.0	1
2016-09	True	secapk	0.3333333333333333	1
2016-09	True	spyhuman	1.0	1
2016-09	True	smsagent	0.5	2
2016-09	True	shedun	0.058823529411764705	1
2016-09	False	smssend	0.07692307692307693	1
2016-09	False	tool	0.5	1
2016-09	True	mobidash	1.0	1
2016-09	False	rooter	0.3333333333333333	1
2016-09	True	hiddad	0.125	1
2016-09	True	infosteal	0.25	1
2016-09	True	fictus	1.0	1
2016-09	True	virus	1.0	1
2016-09	True	packed	0.5	1
2016-10	False	smsreg	0.16091954022988506	14
2016-10	False	adware	0.023474178403755867	5
2016-10	True	yoga	1.0	1
2016-10	True	tencentprotect	1.0	2
2016-10	False	execdownload	0.5172413793103449	15
2016-10	False	smssend	0.3333333333333333	1
2016-10	True	infosteal	0.42857142857142855	3
2016-10	False	fakeinst	0.3333333333333333	2
2016-10	True	ewind	0.6666666666666666	2
2016-10	True	smspay	0.14285714285714285	1
2016-10	True	ztorg	0.06666666666666667	1
2016-10	False	exploit	0.2	1
2016-10	True	mobidash	1.0	5
2016-10	True	anydown	1.0	1
2016-10	False	unknown	1.0	1
2016-10	True	syringe	1.0	1
2016-10	True	mobisec	1.0	1
2016-10	True	hiddad	0.2	1
2016-10	True	kalfere	0.3333333333333333	1
2016-10	True	ramnit	0.5	1
2016-10	True	packed	1.0	1
2016-11	False	adware	0.7878787878787878	78
2016-11	True	umpay	1.0	1
2016-11	False	smsreg	0.05555555555555555	1
2016-11	False	fakeapp	0.6666666666666666	2
2016-11	True	styricka	1.0	2
2016-11	False	youmi	0.3333333333333333	1
2016-11	True	spyoo	1.0	1
2016-11	True	packed	0.5714285714285714	4
2016-11	True	spyware	1.0	1
2016-11	False	execdownload	0.3684210526315789	7
2016-11	True	syringe	0.5	1
2016-11	False	fakeinst	0.6666666666666666	2
2016-11	False	dnotua	1.0	1
2016-11	True	ewind	0.5	2
2016-11	True	mobidash	1.0	2
2016-11	True	systemmonitor	0.5	1
2016-11	True	hoverwatch	1.0	1
2016-11	False	smssend	0.6666666666666666	2
2016-11	True	stealthcell	1.0	1
2016-11	False	windows	1.0	1
2016-11	True	yeahmobi	1.0	1
2016-11	True	clicks	0.125	1
2016-11	True	triada	0.1	1
2016-11	True	secapk	0.5	1
2016-11	True	skygofree	1.0	1
2016-11	True	wapron	0.2857142857142857	2
2016-12	False	execdownload	0.2894736842105263	11
2016-12	True	hiddad	0.7142857142857143	5
2016-12	True	hidden	1.0	1
2016-12	True	secapk	0.5	1
2016-12	False	smsreg	0.1	3
2016-12	False	adware	0.5517241379310345	16
2016-12	True	zadmo	1.0	1
2016-12	True	shedun	0.25	3
2016-12	False	fakeinst	1.0	19
2016-12	False	unknown	0.4	2
2016-12	False	fakeapp	1.0	2
2016-12	True	mobidash	1.0	5
2016-12	True	ztorg	0.1111111111111111	1
2016-12	True	packed	0.5714285714285714	4
2016-12	True	mobby	1.0	1
2016-12	True	tencentprotect	1.0	4
2016-12	True	adflex	1.0	1
2016-12	True	pipe	1.0	1
2016-12	True	infosteal	0.25	1
2016-12	True	ewind	0.5	1
2016-12	True	panev	1.0	1
2016-12	True	spyware	1.0	1
2016-12	True	styricka	1.0	1
2016-12	True	hummingbad	1.0	1
2016-12	False	dnotua	0.5	1
2016-12	False	smssend	1.0	1
2016-12	True	virus	1.0	1
2016-12	True	pornvideo	1.0	1
2016-12	True	linux	1.0	1
2016-12	True	phonespy	1.0	1
2016-12	True	syringe	0.25	1
2016-12	True	wapron	0.25	1
2017-01	True	clicks	0.3333333333333333	2
2017-01	False	fakeapp	1.0	3
2017-01	True	packed	0.3333333333333333	4
2017-01	True	styricka	1.0	1
2017-01	True	mobidash	1.0	7
2017-01	True	batmob	1.0	2
2017-01	True	wapron	1.0	2
2017-01	True	systemmonitor	0.75	3
2017-01	False	execdownload	0.3181818181818182	7
2017-01	True	sms	1.0	1
2017-01	True	vmvol	1.0	1
2017-01	False	adware	0.21875	7
2017-01	False	fakeinst	0.75	3
2017-01	True	virus	1.0	1
2017-01	True	roversa	0.5	1
2017-01	True	hiddad	0.4	2
2017-01	True	umpay	0.5	1
2017-01	False	smsreg	0.02	1
2017-01	True	autoins	0.3333333333333333	1
2017-01	True	silentinstaller	1.0	1
2017-01	True	subspod	1.0	1
2017-01	True	ransomware	1.0	1
2017-01	True	hiddenapp	1.0	1
2017-01	False	dnotua	0.25	1
2017-01	True	kalfere	1.0	1
2017-01	False	dowgin	0.5	1
2017-01	True	spyware	1.0	1
2017-01	False	rooter	0.25	1
2017-02	True	boogr	1.0	1
2017-02	True	hiddad	0.3333333333333333	2
2017-02	False	smsreg	0.07317073170731707	3
2017-02	False	fakeinst	0.6666666666666666	2
2017-02	False	dowgin	0.25	2
2017-02	True	packed	0.25	2
2017-02	True	shedun	0.3333333333333333	3
2017-02	False	smssend	0.6666666666666666	2
2017-02	True	secapk	0.5	1
2017-02	False	execdownload	0.32142857142857145	9
2017-02	False	adware	0.1111111111111111	6
2017-02	True	dowloader	1.0	1
2017-02	True	subox	1.0	1
2017-02	True	toofan	1.0	1
2017-02	True	clicks	0.5555555555555556	5
2017-02	True	virus	1.0	1
2017-02	True	vmvol	1.0	1
2017-02	True	baiduprotect	1.0	1
2017-02	False	gappusin	0.3333333333333333	1
2017-02	True	ztorg	0.25	1
2017-02	False	unknown	0.25	1
2017-02	True	gmobi	1.0	1
2017-02	True	mobidash	0.75	3
2017-02	True	styricka	0.5	1
2017-02	False	fakeapp	1.0	2
2017-02	True	infosteal	0.3333333333333333	2
2017-02	True	adflex	1.0	1
2017-03	True	ztorg	0.5	2
2017-03	False	execdownload	0.23529411764705882	8
2017-03	True	clicks	0.5	6
2017-03	True	mobidash	0.8947368421052632	17
2017-03	True	vmvol	1.0	1
2017-03	True	ubsod	0.4	2
2017-03	True	hiddenapp	0.6666666666666666	2
2017-03	True	qqspy	1.0	1
2017-03	False	adware	0.15	3
2017-03	True	syringe	0.25	2
2017-03	False	unknown	0.3333333333333333	2
2017-03	False	dnotua	0.5	2
2017-03	False	fakeinst	0.875	7
2017-03	False	fakeapp	0.6666666666666666	2
2017-03	True	fictus	1.0	1
2017-03	False	smsreg	0.075	3
2017-03	True	hypay	0.2	1
2017-03	True	tispy	1.0	1
2017-03	False	airpush	0.5	2
2017-03	True	hiddad	0.2777777777777778	5
2017-03	True	mobisec	1.0	1
2017-03	True	subspod	1.0	3
2017-03	False	exploit	0.3333333333333333	1
2017-03	True	phonespy	1.0	1
2017-03	True	smforw	1.0	2
2017-03	True	webapp	1.0	2
2017-03	True	packed	0.5	5
2017-03	True	mobipast	1.0	1
2017-03	True	lockscreen	1.0	1
2017-03	True	neospy	1.0	1
2017-03	True	adflex	1.0	1
2017-04	False	adware	0.3	6
2017-04	True	lezok	1.0	1
2017-04	False	execdownload	0.16666666666666666	2
2017-04	True	ewind	0.5	1
2017-04	False	smsreg	0.5789473684210527	11
2017-04	True	mobidash	0.9090909090909091	20
2017-04	True	packed	0.5	2
2017-04	True	xafekopy	1.0	2
2017-04	True	clicks	0.3333333333333333	3
2017-04	True	subspod	1.0	4
2017-04	False	smssend	1.0	1
2017-04	True	piom	1.0	1
2017-04	False	fakeinst	1.0	2
2017-04	True	pircob	1.0	1
2017-04	True	phonespy	1.0	1
2017-04	True	lockscreen	1.0	1
2017-04	True	fictus	1.0	1
2017-05	True	mobby	1.0	1
2017-05	True	mobidash	0.9333333333333333	14
2017-05	False	windows	1.0	1
2017-05	False	execdownload	0.5	4
2017-05	False	fakeapp	1.0	1
2017-05	True	small	0.5	1
2017-05	True	packed	0.42857142857142855	3
2017-05	True	styricka	1.0	1
2017-05	False	adware	0.3333333333333333	3
2017-05	True	ramnit	0.5	1
2017-05	True	soundy	1.0	1
2017-05	True	hiddad	1.0	2
2017-05	False	fakeinst	1.0	1
2017-05	True	spyware	0.5	1
2017-05	True	wapron	1.0	1
2017-05	True	smforw	1.0	1
2017-05	True	ransomware	1.0	1
2017-05	False	smsreg	0.1	1
2017-06	True	packed	0.4	2
2017-06	False	adware	0.36363636363636365	4
2017-06	True	smspay	1.0	1
2017-06	False	fakeinst	1.0	15
2017-06	True	mobidash	1.0	4
2017-06	True	inmobi	1.0	1
2017-06	False	windows	1.0	3
2017-06	False	unknown	0.25	1
2017-06	False	execdownload	0.75	3
2017-06	False	viser	1.0	1
2017-06	False	kyview	1.0	1
2017-06	True	lockscreen	0.6666666666666666	2
2017-06	True	infosteal	0.3333333333333333	1
2017-06	False	fakeapp	1.0	1
2017-06	True	vmvol	1.0	1
2017-06	True	styricka	1.0	1
2017-06	False	smsreg	0.06666666666666667	1
2017-06	True	appad	1.0	1
2017-07	True	spyware	0.25	1
2017-07	False	dowgin	1.0	1
2017-07	True	baiduprotect	1.0	1
2017-07	False	unknown	1.0	1
2017-07	True	mobidash	1.0	14
2017-07	True	smsagent	0.5	1
2017-07	True	hiddad	0.4	2
2017-07	False	fakeapp	1.0	1
2017-07	True	smforw	1.0	1
2017-07	True	ramnit	1.0	1
2017-07	False	execdownload	0.5	3
2017-07	False	dnotua	0.75	3
2017-07	True	lockscreen	1.0	2
2017-07	True	yoga	1.0	1
2017-07	True	virus	0.3333333333333333	2
2017-07	True	hiddenapp	1.0	2
2017-07	True	infosteal	0.3333333333333333	1
2017-07	False	windows	1.0	1
2017-07	False	adware	0.18181818181818182	2
2017-07	True	wapron	1.0	1
2017-07	True	packed	0.5	1
2017-07	False	androrat	1.0	1
2017-07	True	hiddapp	1.0	1
2017-07	True	secneo	1.0	1
2017-08	True	wannacry	1.0	3
2017-08	True	ramnit	1.0	1
2017-08	True	hiddenapp	1.0	1
2017-08	True	mobidash	1.0	5
2017-08	False	kyview	1.0	1
2017-08	False	execdownload	0.2222222222222222	2
2017-08	False	youmi	1.0	1
2017-08	True	packed	0.4	2
2017-08	True	lezok	1.0	1
2017-08	True	infosteal	1.0	1
2017-08	False	tool	0.5	1
2017-08	True	fobus	1.0	1
2017-08	True	linux	1.0	1
2017-08	False	adware	0.05555555555555555	1
2017-08	True	hiddad	0.03225806451612903	1
2017-09	True	hiddapp	1.0	2
2017-09	False	adware	0.07894736842105263	3
2017-09	True	mobidash	1.0	1
2017-09	False	execdownload	0.5714285714285714	8
2017-09	True	ransomware	1.0	1
2017-09	True	mobby	0.5	1
2017-09	True	vpsdrop	1.0	1
2017-09	True	lezok	1.0	1
2017-09	True	hiddad	0.043478260869565216	1
2017-09	False	fakeapp	1.0	2
2017-09	True	ewind	1.0	1
2017-10	True	fictus	1.0	1
2017-10	True	mobidash	1.0	16
2017-10	False	smssend	1.0	1
2017-10	True	hiddapp	1.0	3
2017-10	True	skygofree	1.0	1
2017-10	False	adware	0.21052631578947367	4
2017-10	False	smsreg	0.125	1
2017-10	True	hiddad	0.6666666666666666	4
2017-10	True	hiddenapp	1.0	2
2017-10	True	spyware	1.0	1
2017-10	False	fakeapp	1.0	4
2017-10	False	windows	1.0	1
2017-10	True	ransomware	1.0	1
2017-10	False	dowgin	0.3333333333333333	1
2017-11	False	fakeapp	1.0	2
2017-11	True	mobidash	1.0	7
2017-11	False	adwo	1.0	1
2017-11	False	dnotua	0.3333333333333333	1
2017-11	False	adware	0.3333333333333333	1
2017-11	True	mobtool	1.0	1
2017-11	True	miner	1.0	2
2017-11	True	shedun	1.0	1
2017-11	False	smsreg	0.1	1
2017-11	True	lockscreen	1.0	1
2017-12	True	wihack	1.0	1
2017-12	True	miner	1.0	1
2017-12	False	dnotua	0.5	1
2017-12	True	secapk	0.3333333333333333	1
2017-12	True	wapron	0.3333333333333333	1
2017-12	True	lockerpin	1.0	1
2017-12	True	ramnit	1.0	1
2017-12	True	darop	1.0	1
2018-01	True	miner	1.0	9
2018-01	False	tool	0.2	1
2018-01	True	smsspy	0.5	2
2018-01	True	faketoken	1.0	1
2018-01	False	execdownload	0.2	1
2018-01	True	mobidash	1.0	2
2018-01	False	adware	0.2	2
2018-01	False	youmi	0.5	1
2018-01	True	lezok	1.0	1
2018-02	False	execdownload	0.125	1
2018-02	True	packed	0.5555555555555556	5
2018-02	True	vpsdrop	1.0	1
2018-02	True	shedun	1.0	5
2018-02	True	wapron	0.4	2
2018-02	True	mobidash	1.0	1
2018-02	True	miner	1.0	7
2018-02	False	windows	1.0	1
2018-02	False	dowgin	1.0	1
2018-02	False	adware	0.125	1
2018-02	True	secapk	0.6666666666666666	2
2018-02	False	dnotua	1.0	2
2018-02	True	hiddad	0.1	1
2018-02	True	ewind	1.0	1
2018-03	True	mobidash	1.0	2
2018-03	True	syringe	0.3333333333333333	1
2018-03	True	shedun	1.0	17
2018-03	False	adware	0.3333333333333333	3
2018-03	True	reddawn	1.0	2
2018-03	True	packed	0.6	3
2018-03	True	fakefort	1.0	1
2018-03	True	hiddad	0.6	3
2018-03	True	miner	1.0	3
2018-03	False	dowgin	0.6666666666666666	2
2018-03	True	wapron	0.3333333333333333	2
2018-03	True	lockscreen	0.5	1
2018-03	True	secapk	1.0	1
2018-03	True	yoga	1.0	1
2018-03	True	hiddenapp	1.0	1
2018-03	False	airpush	1.0	1
2018-03	True	boogr	1.0	1
2018-03	True	hypay	0.5	1
2018-03	False	execdownload	0.3333333333333333	1
2018-04	True	shedun	0.75	3
2018-04	True	baiduprotect	1.0	1
2018-04	True	miner	1.0	7
2018-04	True	hypay	1.0	3
2018-04	True	mobidash	1.0	11
2018-04	True	packed	0.3333333333333333	1
2018-04	True	smforw	0.5	1
2018-04	False	adware	0.5384615384615384	7
2018-04	False	unknown	0.5	1
2018-04	True	vpsdrop	1.0	1
2018-04	True	kevdroid	1.0	1
2018-04	False	execdownload	0.3333333333333333	1
2018-04	True	mining	1.0	1
2018-04	False	fakeapp	1.0	1
2018-04	True	secneo	1.0	1
2018-04	True	boogr	1.0	1
2018-05	False	smssend	1.0	1
2018-05	True	hiddad	0.6666666666666666	2
2018-05	True	mobidash	1.0	6
2018-05	False	ginmaster	1.0	1
2018-05	True	smforw	1.0	1
2018-05	False	dowgin	1.0	1
2018-05	False	fakeapp	1.0	2
2018-05	True	baiduprotect	1.0	1
2018-05	True	hiddenads	1.0	1
2018-05	False	tool	1.0	1
2018-05	True	blacklister	1.0	1
2018-05	True	lockscreen	1.0	3
2018-05	False	adware	0.46153846153846156	6
2018-05	True	secapk	0.6666666666666666	2
2018-05	True	fakefort	1.0	1
2018-05	True	packed	0.5	2
2018-05	True	congur	1.0	1
2018-05	True	clientor	1.0	1
2018-05	False	exploit	1.0	1
2018-06	True	infosteal	0.4444444444444444	8
2018-06	False	smssend	0.375	3
2018-06	True	ransomware	1.0	2
2018-06	False	adware	0.6666666666666666	10
2018-06	True	smspay	0.25	2
2018-06	True	fusob	1.0	3
2018-06	True	congur	1.0	5
2018-06	True	svpeng	1.0	4
2018-06	True	phonespy	1.0	1
2018-06	False	unknown	1.0	2
2018-06	True	spyware	1.0	2
2018-06	True	robtes	0.5555555555555556	5
2018-06	True	shedun	0.4375	7
2018-06	True	lockscreen	0.8666666666666667	13
2018-06	False	airpush	0.6666666666666666	2
2018-06	True	sandr	1.0	1
2018-06	True	clicks	0.3076923076923077	4
2018-06	True	hiddad	0.95	19
2018-06	False	fakeapp	1.0	7
2018-06	False	execdownload	0.21951219512195122	9
2018-06	True	belesak	0.7	7
2018-06	True	mobidash	1.0	4
2018-06	True	loapi	1.0	2
2018-06	True	slocker	1.0	1
2018-06	False	dowgin	0.6	3
2018-06	False	fakeinst	0.043478260869565216	1
2018-06	True	fobus	1.0	2
2018-06	True	server	0.5	1
2018-06	True	boogr	1.0	2
2018-06	True	hiddenapp	0.16666666666666666	1
2018-06	True	tiggre	1.0	1
2018-06	True	mytrackp	1.0	1
2018-06	True	fictus	1.0	1
2018-07	True	hiddad	1.0	20
2018-07	True	wapron	0.8421052631578947	16
2018-07	False	smssend	1.0	2
2018-07	False	dnotua	0.9444444444444444	17
2018-07	False	youmi	0.125	1
2018-07	True	lockscreen	1.0	9
2018-07	True	shedun	0.024390243902439025	1
2018-07	False	unknown	1.0	3
2018-07	False	execdownload	0.1875	3
2018-07	False	adware	0.625	10
2018-07	True	ransomware	1.0	5
2018-07	True	axent	1.0	1
2018-07	True	hypay	1.0	1
2018-07	True	baiduprotect	0.75	3
2018-07	False	airpush	0.75	3
2018-07	False	dowgin	0.5	2
2018-07	True	tekwon	1.0	1
2018-07	False	leadbolt	1.0	1
2018-07	True	rusms	1.0	2
2018-07	False	smskey	1.0	1
2018-07	True	svpeng	1.0	3
2018-07	True	slocker	1.0	2
2018-07	True	mytrackp	1.0	1
2018-07	True	miner	1.0	1
2018-08	True	shedun	0.14534883720930233	25
2018-08	False	dnotua	0.875	14
2018-08	True	wapron	1.0	5
2018-08	False	fakeapp	1.0	3
2018-08	True	clicks	1.0	6
2018-08	True	mobidash	1.0	2
2018-08	True	guerrilla	1.0	1
2018-08	False	dowgin	0.6666666666666666	2
2018-08	True	piom	1.0	1
2018-08	True	ramnit	1.0	1
2018-08	False	smsreg	0.023255813953488372	1
2018-09	False	dnotua	0.5806451612903226	36
2018-09	True	shedun	0.1111111111111111	7
2018-09	True	wapron	0.9074074074074074	49
2018-09	True	packed	0.75	30
2018-09	False	windows	1.0	9
2018-09	True	secneo	1.0	1
2018-09	False	smsreg	0.08823529411764706	3
2018-09	False	adware	0.125	1
2018-09	True	cyfin	1.0	1
2018-09	False	fakeapp	1.0	1
2018-09	True	clicks	0.25	1
2018-10	True	wapron	0.9565217391304348	132
2018-10	False	dnotua	0.24324324324324326	9
2018-10	True	packed	0.7058823529411765	12
2018-10	True	dnouta	1.0	1
2018-10	False	fakeapp	1.0	3
2018-10	False	windows	1.0	19
2018-10	True	umpay	1.0	1
2018-10	False	execdownload	0.018867924528301886	1
2018-10	False	smsreg	0.0136986301369863	1
2018-10	False	dowgin	1.0	1
2018-10	False	kyview	1.0	1
2018-10	True	shedun	0.045454545454545456	1
2018-10	True	secapk	0.5	1
2018-11	True	wapron	0.9482758620689655	55
2018-11	False	kyview	1.0	1
2018-11	False	smsreg	0.23333333333333334	7
2018-11	True	packed	0.75	3
2018-11	False	dnotua	0.5454545454545454	6
2018-11	False	gappusin	0.07692307692307693	1
2018-11	True	cyfin	1.0	1
2018-11	True	xiny	1.0	1
2018-11	True	clicks	0.5	1
2018-11	False	adwo	1.0	1
2018-11	True	hypay	1.0	1
2018-11	False	execdownload	0.009900990099009901	1
2018-11	False	fakeapp	1.0	1
2018-11	False	dowgin	1.0	2
2018-12	True	wapron	1.0	43
2018-12	False	smsreg	0.015625	1
2018-12	True	packed	0.75	6
2018-12	True	ewind	1.0	4
2018-12	True	cyfin	1.0	1
2018-12	False	fakeapp	1.0	1
